Name,Gov,Logo,Mobile,Telephone,User
Abo Man,Alexandria,https://www.gravatar.com/userimage/149914919/819c469de5b45e55450c1ce6d5b9f40d?size=120,12243424,3746926734,3
Shaded,Aswan,https://www.gravatar.com/userimage/149914919/819c469de5b45e55450c1ce6d5b9f40d?size=120,12394324,439649712,3
Abo hagag,Asyut,https://www.gravatar.com/userimage/149914919/819c469de5b45e55450c1ce6d5b9f40d?size=120,1033424,3746926734,3
Bojeah,Beheira,https://www.gravatar.com/userimage/149914919/819c469de5b45e55450c1ce6d5b9f40d?size=120,139214834,439649712,3
Sandal,Beni Suef,https://www.gravatar.com/userimage/149914919/819c469de5b45e55450c1ce6d5b9f40d?size=120,8342048230,3746926734,3
Kawtsh,Cairo,https://www.gravatar.com/userimage/149914919/819c469de5b45e55450c1ce6d5b9f40d?size=120,9742390423,439649712,3
Abo showman,Dakahlia,https://www.gravatar.com/userimage/149914919/819c469de5b45e55450c1ce6d5b9f40d?size=120,8234242,3746926734,3
Delo,Damietta,https://www.gravatar.com/userimage/149914919/819c469de5b45e55450c1ce6d5b9f40d?size=120,139123,3746926734,3
koko,Faiyum,https://www.gravatar.com/userimage/149914919/819c469de5b45e55450c1ce6d5b9f40d?size=120,193203801,3746926734,3
Abo malk,Gharbia,https://www.gravatar.com/userimage/149914919/819c469de5b45e55450c1ce6d5b9f40d?size=120,19023801,439649712,3
Abo zaman,Giza,https://www.gravatar.com/userimage/149914919/819c469de5b45e55450c1ce6d5b9f40d?size=120,81230843,3746926734,3
Abo dlw2ty,Ismailia,https://www.gravatar.com/userimage/149914919/819c469de5b45e55450c1ce6d5b9f40d?size=120,143437885,439649712,3
Obor land,Alexandria,https://www.gravatar.com/userimage/149914919/819c469de5b45e55450c1ce6d5b9f40d?size=120,205644927,3746926734,3
Zenhom,Aswan,https://www.gravatar.com/userimage/149914919/819c469de5b45e55450c1ce6d5b9f40d?size=120,267851969,439649712,3
Flash,Asyut,https://www.gravatar.com/userimage/149914919/819c469de5b45e55450c1ce6d5b9f40d?size=120,330059011,3746926734,3
Belya ,Beheira,https://www.gravatar.com/userimage/149914919/819c469de5b45e55450c1ce6d5b9f40d?size=120,392266053,439649712,3
moftah,Beni Suef,https://www.gravatar.com/userimage/149914919/819c469de5b45e55450c1ce6d5b9f40d?size=120,454473095,3746926734,3
komtra,Cairo,https://www.gravatar.com/userimage/149914919/819c469de5b45e55450c1ce6d5b9f40d?size=120,516680137,439649712,3
Zenhom,Dakahlia,https://www.gravatar.com/userimage/149914919/819c469de5b45e55450c1ce6d5b9f40d?size=120,578887179,3746926734,3
kids,Damietta,https://www.gravatar.com/userimage/149914919/819c469de5b45e55450c1ce6d5b9f40d?size=120,641094221,439649712,3
Lolo,Faiyum,https://www.gravatar.com/userimage/149914919/819c469de5b45e55450c1ce6d5b9f40d?size=120,703301263,3746926734,3
wego,Gharbia,https://www.gravatar.com/userimage/149914919/819c469de5b45e55450c1ce6d5b9f40d?size=120,765508305,439649712,3
Arabity,Giza,https://www.gravatar.com/userimage/149914919/819c469de5b45e55450c1ce6d5b9f40d?size=120,827715347,3746926734,3
Hamada ,Ismailia,https://www.gravatar.com/userimage/149914919/819c469de5b45e55450c1ce6d5b9f40d?size=120,889922389,439649712,3
Warsha,Alexandria,https://www.gravatar.com/userimage/149914919/819c469de5b45e55450c1ce6d5b9f40d?size=120,952129431,3746926734,3
Konafa,Suez,https://www.gravatar.com/userimage/149914919/819c469de5b45e55450c1ce6d5b9f40d?size=120,1014336473,439649712,3
Abo warda,Luxor,https://www.gravatar.com/userimage/149914919/819c469de5b45e55450c1ce6d5b9f40d?size=120,1076543515,176836238794,3