Name,Gov,Area,Logo,Mobile,Telephone,User
Abo Man,Alexandria,Stanley,https://www.gravatar.com/userimage/149914919/819c469de5b45e55450c1ce6d5b9f40d?size=120,12243424,3746926734,3
Shaded,Aswan,Kontalla,https://www.gravatar.com/userimage/149914919/819c469de5b45e55450c1ce6d5b9f40d?size=120,12394324,439649712,3
Abo hagag,Asyut,Abo Teg,https://www.gravatar.com/userimage/149914919/819c469de5b45e55450c1ce6d5b9f40d?size=120,1033424,3746926734,3
Bojeah,Beheira,Damnhour,https://www.gravatar.com/userimage/149914919/819c469de5b45e55450c1ce6d5b9f40d?size=120,139214834,439649712,3
ابو حموده,Beni Suef,Ehnasya,https://www.gravatar.com/userimage/149914919/819c469de5b45e55450c1ce6d5b9f40d?size=120,8342048230,3746926734,3
Kawtsh,Cairo,Nasr City,https://www.gravatar.com/userimage/149914919/819c469de5b45e55450c1ce6d5b9f40d?size=120,9742390423,439649712,3
Abo showman,Dakahlia,Mansoura,https://www.gravatar.com/userimage/149914919/819c469de5b45e55450c1ce6d5b9f40d?size=120,8234242,3746926734,3
Delo,Damietta,Domyat,https://www.gravatar.com/userimage/149914919/819c469de5b45e55450c1ce6d5b9f40d?size=120,139123,3746926734,3
كوكو,Faiyum,Fayom,https://www.gravatar.com/userimage/149914919/819c469de5b45e55450c1ce6d5b9f40d?size=120,193203801,3746926734,3
Abo malk,Gharbia,Zefta,https://www.gravatar.com/userimage/149914919/819c469de5b45e55450c1ce6d5b9f40d?size=120,19023801,439649712,3
Abo zaman,Giza,Haram,https://www.gravatar.com/userimage/149914919/819c469de5b45e55450c1ce6d5b9f40d?size=120,81230843,3746926734,3
Abo dlw2ty,Ismailia,Fayed,https://www.gravatar.com/userimage/149914919/819c469de5b45e55450c1ce6d5b9f40d?size=120,143437885,439649712,3
Obor land,Alexandria,Stanley,https://www.gravatar.com/userimage/149914919/819c469de5b45e55450c1ce6d5b9f40d?size=120,205644927,3746926734,3
Zenhom,Aswan,Kontalla,https://www.gravatar.com/userimage/149914919/819c469de5b45e55450c1ce6d5b9f40d?size=120,267851969,439649712,3
Flash,Asyut,Abo Smell,https://www.gravatar.com/userimage/149914919/819c469de5b45e55450c1ce6d5b9f40d?size=120,330059011,3746926734,3
Belya ,Beheira,Damnhour,https://www.gravatar.com/userimage/149914919/819c469de5b45e55450c1ce6d5b9f40d?size=120,392266053,439649712,3
moftah,Beni Suef,Naser,https://www.gravatar.com/userimage/149914919/819c469de5b45e55450c1ce6d5b9f40d?size=120,454473095,3746926734,3
komtra,Cairo,Tagmoa,https://www.gravatar.com/userimage/149914919/819c469de5b45e55450c1ce6d5b9f40d?size=120,516680137,439649712,3
Zenhom,Dakahlia,Met Ghamr,https://www.gravatar.com/userimage/149914919/819c469de5b45e55450c1ce6d5b9f40d?size=120,578887179,3746926734,3
kids,Damietta,Domyat,https://www.gravatar.com/userimage/149914919/819c469de5b45e55450c1ce6d5b9f40d?size=120,641094221,439649712,3
Lolo,Faiyum,Fayo,https://www.gravatar.com/userimage/149914919/819c469de5b45e55450c1ce6d5b9f40d?size=120,703301263,3746926734,3
 حمو بيكا,Gharbia,ZF,https://www.gravatar.com/userimage/149914919/819c469de5b45e55450c1ce6d5b9f40d?size=120,765508305,439649712,3
Arabity,Giza,Mohndsen,https://www.gravatar.com/userimage/149914919/819c469de5b45e55450c1ce6d5b9f40d?size=120,827715347,3746926734,3
Hamada ,Ismailia,Leya,https://www.gravatar.com/userimage/149914919/819c469de5b45e55450c1ce6d5b9f40d?size=120,889922389,439649712,3
Warsha,Alexandria,Ria,https://www.gravatar.com/userimage/149914919/819c469de5b45e55450c1ce6d5b9f40d?size=120,952129431,3746926734,3
Konafa,Suez,Wez,https://www.gravatar.com/userimage/149914919/819c469de5b45e55450c1ce6d5b9f40d?size=120,1014336473,439649712,3
Abo warda,Luxor,Xor,https://www.gravatar.com/userimage/149914919/819c469de5b45e55450c1ce6d5b9f40d?size=120,1076543515,176836238794,3